sampleid	barcode	reverse	finca
Y3	TGGGTACA	GTGYCAGCMGCCGCGGTAA	yariguies
Y2	TGGGCTTG	GTGYCAGCMGCCGCGGTAA	yariguies
Y1	TGGGCGCC	GTGYCAGCMGCCGCGGTAA	yariguies
LA3	TGGGCCTT	GTGYCAGCMGCCGCGGTAA	argentina
LA2	TGGGCATC	GTGYCAGCMGCCGCGGTAA	argentina
LA1	TGGGATTA	GTGYCAGCMGCCGCGGTAA	argentina
SV3	TGGGAGAA	GTGYCAGCMGCCGCGGTAA	siempre-viva
SV2	TGGGAATA	GTGYCAGCMGCCGCGGTAA	siempre-viva
SV1	TGGCTTAT	GTGYCAGCMGCCGCGGTAA	siempre-viva
LM3	TGGGAGTT	GTGYCAGCMGCCGCGGTAA	medios
LM2	TGGGAGCC	GTGYCAGCMGCCGCGGTAA	medios
LM1	TGGGAGCA	GTGYCAGCMGCCGCGGTAA	medios